street_name,total_complaints
"lake avenue",471
"clifford avenue",402
"genesee park boulevard",365
"dewey avenue",352
"norton street",348
"culver road",312
"east main street",291
"avenue d",286
"jay street",278
"ridgeway avenue",270
"seward street",260
"garson avenue",241
"arnett boulevard",240
"bay street",240
"emerson street",235
"post avenue",233
"augustine street",227
"electric avenue",218
"chili avenue",217
"parsells avenue",217
"frost avenue",214
"south plymouth avenue",213
"lexington avenue",212
"clay avenue",209
"melville street",207
"hazelwood terrace",207
"north street",206
"flower city park",204
"north goodman street",201
"sawyer street",200
"selye terrace",197
"brooks avenue",197
"seneca parkway",194
"woodbine avenue",194
"portland avenue",193
"east avenue",191
"genesee street",190
"south avenue",190
"glide street",189
"grand avenue",189
"birr street",188
"rosewood terrace",188
"magee avenue",186
"wellington avenue",179
"maple street",177
"lake view park",172
"st paul street",172
"conkey avenue",170
"carter street",165
"jefferson avenue",165
"south goodman street",163
"north clinton avenue",161
"columbia avenue",160
"wilkins street",158
"cedarwood terrace",156
"park avenue",156
"thurston road",152
"campbell street",150
"bartlett street",148
"meigs street",146
"avis street",142
"hawley street",141
"monroe avenue",140
"driving park avenue",139
"glenwood avenue",139
"flint street",137
"cady street",134
"cottage street",134
"lyell avenue",133
"bernard street",131
"alexander street",128
"melrose street",127
"atlantic avenue",126
"smith street",125
"randolph street",123
"alameda street",123
"joseph avenue",123
"rugby avenue",121
"ravine avenue",117
"webster avenue",115
"wilder street",114
"child street",112
"linden street",112
"kenwood avenue",111
"fulton avenue",111
"magnolia street",109
"adams street",109
"atkinson street",108
"harvard street",108
"locust street",107
"ravenwood avenue",107
"south clinton avenue",106
"pullman avenue",105
"champlain street",104
"remington street",104
"troup street",102
"mount read boulevard",102
"oxford street",102
"weaver street",101
"mcnaughton street",100
"knickerbocker avenue",100
"ellison street",100
"hague street",99
"highland avenue",99
"merchants road",99
"ferncliffe drive",98
"glendale park",98
"reynolds street",96
"curtis street",94
"avery street",94
"first street",92
"hudson avenue",90
"curlew street",89
"sherman street",89
"exchange street",89
"barrington street",89
"tremont street",88
"westfield street",88
"sunset street",87
"roycroft drive",87
"warwick avenue",87
"mohawk street",86
"west broad street",86
"university avenue",86
"mount vernon avenue",86
"saratoga avenue",85
"aberdeen street",85
"michigan street",85
"dr samuel mccree way",84
"elmdorf avenue",84
"clifton street",83
"mount hope avenue",83
"fernwood avenue",83
"northland avenue",83
"caroline street",83
"lux street",83
"winton road north",82
"durnan street",81
"ellicott street",81
"marne street",80
"normandy avenue",80
"murray street",79
"rutgers street",79
"weyl street",79
"westminster road",79
"berlin street",79
"benton street",79
"garfield street",78
"north union street",77
"miller street",77
"averill avenue",76
"depew street",76
"santee street",76
"penhurst street",76
"hamilton street",76
"fieldwood drive",76
"alphonse street",75
"steko avenue",75
"hayward avenue",75
"herald street",75
"madison street",75
"lorimer street",74
"gregory street",74
"west high terrace",74
"roxborough road",74
"townsend street",74
"edgeland street",74
"ames street",73
"raines park",73
"barton street",73
"winchester street",73
"fillmore street",72
"aurora street",72
"orange street",71
"maplewood avenue",71
"central park",71
"albemarle street",71
"wetmore park",70
"south fitzhugh street",70
"beach avenue",70
"rand street",70
"sanford street",69
"oneida street",69
"sherwood avenue",69
"home place",69
"laburnam crescent",69
"boardman street",68
"grafton street",67
"saxton street",66
"state street",66
"colvin street",66
"merlin street",66
"weld street",66
"ernst street",66
"bryan street",66
"woodward street",66
"arbutus street",65
"thomas street",65
"north plymouth avenue",64
"warner street",64
"rockingham street",64
"otis street",64
"west main street",64
"marion street",64
"springfield avenue",64
"dartmouth street",64
"dickinson street",63
"st jacob street",63
"hillendale street",63
"planet street",63
"delamaine drive",62
"denise road",62
"humboldt street",61
"roslyn street",61
"winterroth street",61
"peck street",61
"kislingbury street",60
"pershing drive",60
"brown street",60
"lincoln street",60
parkway,60
"weston road",60
"inglewood drive",60
"leighton avenue",60
"la grange avenue",59
"congress avenue",59
"colebourne road",58
"shelter street",58
"laser street",58
"bidwell terrace",58
"clairmount street",58
"seneca avenue",58
"flanders street",58
"phelps avenue",58
"gardiner avenue",57
"scrantom street",57
"waring road",57
"hollenbeck street",57
"earl street",57
"dunn street",57
"leopard street",56
"ramona street",56
"marlborough road",56
"holbrooke street",55
"avenue a",55
"bowman street",55
"villa street",55
"longview terrace",55
"salisbury street",55
"field street",55
"jones avenue",55
"church street",55
"lyndhurst street",54
"bradburn street",54
"werner park",54
"scio street",54
"polaris street",54
"hempel street",54
"brunswick street",54
"blossom road",54
"vassar street",54
"aldine street",53
"ferris street",53
"resolute street",53
"winbourne road",52
"jewel street",52
"ashwood drive",52
"lime street",52
"evergreen street",52
"costar street",52
"nichols street",52
"richmond street",52
"rosedale street",52
"fairview avenue",51
"navarre road",51
"avenue b",51
"anthony street",51
"lincoln avenue",50
"bedford street",50
"traver circle",50
"oakland street",50
"falleson road",50
"millbank street",50
"sixth street",49
"gothic street",49
"spruce avenue",49
"masseth street",49
"illinois street",49
"mitchell street",49
"pierpont street",49
"hillcrest street",49
"raeburn avenue",48
"cornhill place",48
"barberry terrace",48
"orchard street",48
"dove street",48
"farragut street",48
"lemoyn avenue",48
"henry street",48
"fairgate street",48
"avenue e",48
"parkside avenue",48
"copeland street",48
"rohr street",48
"rosemary drive",48
"edgerton street",48
"edmonds street",48
"st casimir street",48
"peckham street",47
"norran drive",47
"finch street",47
"burlington avenue",47
"hampden road",47
"portage street",47
"southampton drive",47
"jackson street",46
"willmont street",46
"milton street",46
"lozier street",46
"sylvester street",46
"northlane drive",46
"turpin street",46
"myrtle street",45
"somerset street",45
"richard street",45
"maria street",45
"stanton street",45
"bly street",45
"rocket street",45
"rundel park",45
"stutson street",44
"campbell park",44
"bleacker road",44
"canterbury road",44
"cherry road",44
"wisconsin street",44
"tyler street",44
"wilbur street",44
"seager street",44
"morton street",44
"canary street",44
"collingwood drive",44
"saranac street",43
"sobieski street",43
"west avenue",43
"breck street",43
"trafalgar street",43
"rugraff street",43
"minnesota street",43
"merrill street",43
"rockview terrace",43
"lyceum street",43
"oriole street",43
"lakeview terrace",43
"shepard street",43
"douglas road",42
"mason street",42
"laney road",42
"burrows street",42
"harding road",42
"versailles road",42
"hoeltzer street",42
"salina street",42
broadway,42
"ambrose street",42
"crosman terrace",42
"silver street",41
"pennsylvania avenue",41
"avondale park",41
"cameron street",41
"klein street",41
"warsaw street",41
"lenox street",41
"east ridge road",41
"weldon street",41
"crossfield road",41
"beresford road",41
"moulson street",41
"ontario street",40
"canton street",40
"exchange boulevard",40
"macbeth street",40
"kingston street",40
"yarmouth road",40
"hobart street",40
"milburn street",40
"reliance street",40
"farmington road",40
"christian avenue",39
"walnut street",39
"cypress street",39
"elm drive",39
"fairbanks street",39
"bock street",39
"independence street",39
"strong street",39
"rustic street",39
"hollister street",39
"castlebar road",39
"thorndale terrace",39
"wendell street",39
"dunbar street",39
"cobbs hill drive",39
"waverly place",38
"newcastle road",38
"spencer street",38
"chevalin street",38
"cummings street",38
"brighton street",38
"aab street",38
"pearl street",38
"rogers avenue",38
"akron street",38
"windemere road",37
"stratford park",37
"malling drive",37
"jerold street",37
"third street",37
"arvine heights",37
"oscar street",37
"gray street",37
"mulberry street",37
"rauber street",37
"hillside avenue",37
"elba street",36
"west ridge road",36
"love street",36
"ellsinore street",36
"midland avenue",36
"diringer place",36
"alford street",36
"newcomb street",36
"immel street",36
"virginia avenue",36
"radio street",36
"elmcroft road",35
"dorset street",35
"elmwood avenue",35
"hoff street",35
"furlong street",35
"berkeley street",35
"dorchester road",35
"whittier park",35
"keller street",35
"irvington road",35
"long acre road",35
"karnes street",34
"northview terrace",34
"baycliff drive",34
"eiffel place",34
"pulaski street",34
"gillette street",34
"fifth street",34
"parkdale terrace",34
"nunda boulevard",34
"richland street",34
"princeton street",34
"westmount street",34
"kirkland road",34
"afton street",34
"allandale avenue",34
"hewitt street",34
"lang street",33
"fourth street",33
"tacoma street",33
"sidney street",33
"avenue c",33
"menlo place",33
"dorbeth road",33
"cutler street",33
"north winton road",33
"valley view place",33
"linnet street",33
"alliance avenue",33
"king street",33
"treyer street",33
"dayton street",32
"weider street",32
"evangeline street",32
"middlesex road",32
"greeley street",32
"merriman street",32
"dalkeith road",32
"willite drive",32
"kron street",32
"lehigh avenue",32
"kingsboro road",32
"terrace park",32
"hickory street",32
"elmtree road",31
"laurelton road",31
"stunz street",31
"ries street",31
"trust street",31
"river street",31
"portsmouth terrace",31
"newbury street",31
"texas street",31
"court street",31
"boxart street",31
"yates street",31
"lark street",31
"maryland street",31
"robin street",31
"concord street",31
"stenson street",31
"corwin road",31
"cheltenham road",31
"edgemont road",30
"friederich park",30
"lorenzo street",30
"pinnacle road",30
"gorsline street",30
"wilmington street",30
"arbordale avenue",30
"kosciusko street",30
"isabelle street",30
"wilton terrace",30
"rising place",30
"sumner park",30
"manchester street",30
"delmar street",30
"rosalind street",30
"midvale terrace",30
"raymond street",30
"goodwill street",30
"dana street",30
"holcroft road",30
"glasgow street",30
"arch street",29
"leroy street",29
"violetta street",29
"ketchum street",29
"vick park b",29
"winstead road",29
"enterprise street",29
"frey street",29
"north fitzhugh street",29
"windsor street",29
"truesdale street",29
"hinsdale street",29
"vick park a",29
"asbury street",29
"merwin avenue",28
"penrose street",28
"fernwood park",28
"lowell street",28
"brookdale avenue",28
"chandler street",28
"azalea road",28
"carthage drive",28
"lewis street",28
"suter terrace",28
"trenaman street",28
"revella street",28
"nye park",28
"poplar street",28
"henrietta street",28
"yarker avenue",28
"belknap street",28
"starling street",28
"canfield place",28
"rainier street",27
"redwood road",27
"diem street",27
"bloss street",27
"parker place",27
"east henrietta road",27
"comfort street",27
"carling road",27
"calvin road",27
"pomeroy street",27
"grape street",27
"devonshire court",27
"jefferson terrace",27
"goebel place",27
"sheldon terrace",27
"wilsonia road",27
"chili terrace",27
"brooklyn street",27
"south washington street",27
"gibbs street",27
"chesterfield drive",26
"iceland park",26
"van stallen street",26
"chestnut street",26
"st stanislaus street",26
"colby street",26
"epworth street",26
"arnold park",26
"brookfield road",26
"birch crescent",26
"westview terrace",26
"upton park",26
"presque street",26
"riverview place",26
"amber place",26
"tubman way",26
"bleile terrace",26
"westmoreland drive",26
"harper street",26
"fleming street",26
"rossiter road",26
"niagara street",26
"girton place",25
"bellwood place",25
"mona street",25
"prince street",25
"manitou street",25
"flower street",25
"crombie street",25
"sullivan street",25
"mc call road",25
"scottsville road",25
"mayberry street",25
"upton place",25
"audubon street",25
"winans street",25
"wakefield street",25
"leander road",25
"beaufort street",25
"upper falls boulevard",25
"wolfert terrace",25
"van bergh avenue",25
"brookhaven terrace",25
"nester street",25
"winton road south",25
"lakeshire road",25
"austin street",24
"danforth street",24
"lapham street",24
"grover street",24
"amsterdam road",24
"flanders place",24
"kilmar street",24
"lawndale terrace",24
"kansas street",24
"croydon road",24
"ringle street",24
"malvern street",24
"stanfield terrace",24
"stonewood avenue",24
"langford road",24
"claybrook street",24
"grassmere park",24
"northaven terrace",24
"alberta street",24
"fairview heights",24
"oakman street",23
"bloomfield place",23
"ashland street",23
"rowley street",23
"latta road",23
"second street",23
"sander street",23
"whitney street",23
"bellevue drive",23
"garnet street",23
"gregory hill road",23
"handy street",23
"fien street",23
"taylor street",23
"wilcox street",23
"dix street",23
"teralta street",23
"floverton street",23
"alonzo street",22
"gerling place",22
"maplewood drive",22
"elmhurst street",22
"alpha street",22
"montrose street",22
"carthage street",22
"strohm street",22
"rutledge drive",22
"milan street",22
"perinton street",22
"judson street",22
"spiegel park",22
"renwood street",22
"iroquois street",22
"quamina drive",22
"dale street",22
"nicholson street",22
"donlon street",22
"dakota street",22
"laforce street",22
"thayer street",22
"san gabriel drive",22
"margaret street",22
"burley road",22
"marigold street",22
"east broad street",22
"westchester avenue",22
"mayfield street",22
"ackerman street",22
"devon road",22
"hincher street",22
"morrill street",21
"edmonton road",21
"colonial road",21
"heidelberg street",21
"hebard street",21
"maxson street",21
"frederick douglass street",21
"tracy street",21
"potomac street",21
"kestrel street",21
"brookscrest way",21
"vose street",21
"angle street",21
"cayuga street",21
"crittenden boulevard",21
"denver street",21
"north lemoyn avenue",21
"highland parkway",21
"delaware street",21
"farbridge street",21
"amherst street",21
"mcardle street",21
"argo park",21
"riverside street",20
"borchard street",20
"hubbell park",20
"chapin street",20
"blakeslee street",20
"darwin street",20
"willow street",20
"clarissa street",20
"delray road",20
"ferndale crescent",20
"sycamore street",20
"browncroft boulevard",20
"geddes street",20
"berwick road",20
"high street",20
"cleon street",20
"natalie street",20
"holworthy street",20
"backus street",20
"selden street",20
"wooden street",20
"aebersold street",20
"maxwell avenue",20
"burling road",20
"kappel place",20
"maltby street",20
"wyndham road",20
"redfern drive",20
"lansdale street",20
"woodstock road",19
"burkhard place",19
"river heights circle",19
"drexmore road",19
"doran street",19
"cynthia lane",19
"de jonge street",19
"valley street",19
"kohlman street",19
"owen street",19
"hannahs terrace",19
"mayflower street",19
"indiana street",19
"belgard street",19
"abbott street",19
"morningside park",19
"kondolf street",19
"calihan park",19
"myrtle hill park",19
"kingsley road",19
"washburn park",19
"south union street",19
"pittsford street",19
"franklin street",19
"wolff street",18
"langham street",18
"tryon park",18
"harris street",18
"verona street",18
"lill street",18
"huntington park",18
"packard street",18
"clayton street",18
"seventh street",18
"clarkson street",18
"palm street",18
"superior street",18
"palisade park",18
"ernestine street",18
"primrose street",18
"lydia street",18
"baird street",18
"belmont street",18
"leo street",18
"klueh street",18
"buckingham street",18
"van olinda street",18
"byers court",18
"woodlawn street",18
"cimarron drive",18
"ruggles street",18
"bradfield street",18
"bergen street",18
"farleigh avenue",18
"argyle street",17
"darien street",17
"glenthorne road",17
"wilder terrace",17
"coleman terrace",17
"nellis park",17
"morgan street",17
"alcazar street",17
"vermont street",17
"erion crescent",17
"barnum street",17
"lasalle street",17
"york street",17
"eastman avenue",17
"edith street",17
"hanna place",17
"sheppler street",17
"garland avenue",17
"kenmore street",17
"crawford street",17
"felix street",17
"kay terrace",17
"placid place",17
"merrimac street",17
"summit grove park",17
"marshall street",17
"admiral park",17
"fair place",17
"cuba place",17
"beverly street",17
"mcguckin street",17
"stanley street",17
"turner street",17
"charlotte street",17
"fairfax road",17
"de mallie street",17
"pollard avenue",17
"bernice street",17
"wait street",17
"milliner street",17
"paige street",17
"galusha street",16
"le frois street",16
"royleston road",16
"bremen street",16
"arklow street",16
"meadowbrook road",16
"regent street",16
"monica street",16
"southview terrace",16
"rexford street",16
"roser street",16
"del monte street",16
"mckinley street",16
"berry street",16
"webster crescent",16
"lundsford lane",16
"briggs street",16
"norris drive",16
"st clair street",16
"dorothy avenue",16
"petrossi drive",16
"joseph place",16
"alexis street",16
"woodrow street",16
"north burley road",16
"holmes street",16
"wright terrace",16
"marlow street",16
"winston place",16
"mildorf street",16
"liberty pole way",16
"dunsmere drive",16
"holden street",16
"lanark crescent",16
"peters place",16
"freemont road",16
"bardin street",16
"bauer street",16
"glasser street",16
"grandview terrace",16
"serenity circle",16
"lynbrook drive",16
"lattimore road",16
"colgate street",16
"coventry avenue",15
"trento street",15
"coulton place",15
"weeger street",15
"elser terrace",15
"herkimer street",15
"river heights",15
"bloomingdale street",15
"bayclif drive",15
"gilmore street",15
"chemung street",15
"fort hill terrace",15
"whitmore street",15
"devitt road",15
"sterling street",15
"schanck avenue",15
"orlando street",15
"crouch street",15
"eddy street",15
"durham street",15
"lakecrest avenue",15
"parkwood road",15
"tremont circle",15
"westgate terrace",15
"cedar street",15
"wilson street",15
"velox street",15
"whiteford road",14
"herbert street",14
"kemphurst road",14
"karges place",14
"atwell street",14
"cook street",14
"ardmore street",14
"varden street",14
"north water street",14
"appleton street",14
"parma street",14
"schum lane",14
"durgin street",14
"elmerston road",14
"dodge street",14
"rockland park",14
"florack street",14
"fuller place",14
"forester street",14
"oakwood road",14
"luella street",14
"greig street",14
"eighth street",14
"geneva street",14
"florence street",14
"lynchester street",14
"jersey street",14
"coburg street",14
"pavilion street",14
"branch street",13
"hortense street",13
"heather street",13
"raleigh street",13
"emanon street",13
"engel place",13
"frances street",13
"lisbon street",13
"shelbourne road",13
"broezel street",13
"west sawyer place",13
"burbank street",13
"gramercy park",13
"rialto street",13
"mapledale street",13
"copley street",13
"judson terrace",13
"thorn street",13
"ok terrace",13
"bradford street",13
"watkin terrace",13
"renfrew place",13
"welstead place",13
"bauman street",13
"wellesley street",13
"braddock street",13
"sayne street",13
"riga street",13
"leavenworth street",13
"flora street",13
"northampton street",13
"west cheltenham road",13
"luzerne street",13
"candlelight drive",13
"needham street",13
"south madison park",13
"manila street",13
"gladstone street",13
"wyand crescent",12
"carl street",12
"maynard street",12
"lily street",12
"davis street",12
"council street",12
"lafayette place",12
"harvest street",12
"cunningham street",12
"griffith street",12
"quincy street",12
"balsam street",12
"allmeroth street",12
"mark street",12
"bricker street",12
"elsdon street",12
"darrow street",12
